SYMBOL,OPEN,HIGH,LOW,PREV. CLOSE,LTP,INDICATIVE CLOSE,CHANGE,% CHANGE,VOLUME (shares),VALUE (Crores),52W H,52W L,30 D %CHNG,365 D %CHNG
"HINDZINC","582.00","595.40","579.60","573.90","590.45","-","16.55","2.88","6058744","357.98","733.00","418.00","7.39","33.47"
"BDL","1,317.00","1,363.50","1,317.00","1,317.00","1,353.60","-","36.6","2.78","941642","126.63","1,654.00","1,086.00","3.44","-13.89"
"MUTHOOTFIN","3,009.60","3,055.00","2,995.00","2,970.00","3,052.00","-","82","2.76","748315","226.99","4,149.50","2,604.20","-3.54","10.66"
"VMM","102.60","105.73","102.34","102.60","105.42","-","2.82","2.75","8740527","91.03","157.60","98.77","-9.64","-31.68"
"MOTILALOFS","974.00","1,002.00","968.55","973.40","999.00","-","25.6","2.63","977725","97.05","1,097.10","614.90","0.9","1.37"
"MANAPPURAM","354.50","358.40","351.35","349.25","358.30","-","9.05","2.59","5731077","203.83","381.55","245.15","-0.71","31.25"
"KFINTECH","963.00","992.40","953.05","961.00","984.20","-","23.2","2.41","1715196","168.57","1,215.00","784.95","8.12","-13.87"
"CROMPTON","256.00","259.00","252.80","252.00","258.05","-","6.05","2.4","2494179","64.01","337.50","217.40","-2.48","-23.25"
"POWERGRID","264.60","271.95","264.20","264.80","271.15","-","6.35","2.4","4130266","110.55","324.95","250.00","-7.64","-8.18"
"MCX","3,145.10","3,211.40","3,132.00","3,126.00","3,198.30","-","72.3","2.31","1697585","538.47","3,480.00","1,460.80","11.6","-61.99"
"VEDL","270.30","276.50","269.00","268.00","273.80","-","5.8","2.16","9900324","271.73","795.00","249.70","1.19","-39.84"
"PREMIERENE","1,050.00","1,072.40","1,045.70","1,040.00","1,061.50","-","21.5","2.07","1268179","134.54","1,134.00","660.00","-0.8","0.24"
"CDSL","1,345.90","1,378.00","1,345.90","1,345.90","1,372.20","-","26.3","1.95","959691","131.06","1,673.70","1,116.30","-1.39","-15.01"
"INDUSTOWER","369.70","376.75","369.55","368.80","375.90","-","7.1","1.93","1352218","50.52","481.50","312.55","-8.81","5.64"
"NATIONALUM","388.00","394.80","384.60","385.60","393.00","-","7.4","1.92","2447665","95.93","445.15","183.86","12.45","100.6"
"GVT&D","4,062.80","4,129.70","4,025.00","4,050.10","4,125.30","-","85.2","2.11","374692","152.64","5,650.00","2,523.20","-9.74","45.14"
"POWERINDIA","33,515.00","34,215.00","33,250.00","33,510.00","34,090.00","-","585","1.75","34401","116.26","38,785.00","16,111.00","4.12","67.55"
"ICICIPRULI","502.00","509.90","501.05","502.00","509.70","-","7.7","1.53","484446","24.54","706.80","459.50","0.3","-20.58"
"KOTAKBANK","398.90","406.00","398.30","397.35","403.35","-","6","1.51","4365974","175.92","453.20","345.50","2.95","-80.3"
"NAM-INDIA","1,233.00","1,253.30","1,226.10","1,232.50","1,251.00","-","18.5","1.5","386991","48.15","1,266.20","780.25","5.62","42.3"
"BANDHANBNK","174.78","176.95","174.16","174.16","176.73","-","2.57","1.48","2527615","44.50","220.76","134.25","-16.6","-0.07"
"LTF","315.00","319.95","314.15","314.75","319.00","-","4.25","1.35","1060182","33.65","338.60","214.63","2.61","45.36"
"NTPC","337.00","342.20","337.00","337.50","342.00","-","4.5","1.33","1416472","48.16","414.40","315.55","-3.17","-1.32"
"PRESTIGE","1,592.00","1,616.90","1,590.00","1,585.50","1,605.10","-","19.6","1.24","179834","28.89","1,805.20","1,090.00","-7.11","-2.53"
"SOLARINDS","19,850.00","20,093.00","19,651.00","19,760.00","20,004.00","-","244","1.23","50534","100.47","20,422.00","11,646.00","3.75","36.62"
"WAAREEENER","2,672.90","2,727.00","2,672.80","2,675.00","2,706.70","-","31.7","1.19","210910","57.06","3,865.00","2,403.00","-2.09","-15.12"
"BEL","413.45","415.95","408.65","409.40","414.20","-","4.8","1.17","5344888","220.84","473.45","361.20","-0.16","10.1"
"PAYTM","1,603.30","1,626.60","1,598.00","1,603.60","1,622.20","-","18.6","1.16","1599153","258.91","1,657.60","930.60","23.31","28.49"
"ADANIGREEN","1,310.20","1,324.90","1,310.20","1,301.80","1,316.00","-","14.2","1.09","485925","64.07","1,631.50","765.00","-15.57","33.39"
"AUBANK","1,088.00","1,099.90","1,083.90","1,088.00","1,099.30","-","11.3","1.04","329442","35.99","1,105.90","682.15","8.44","43.32"
"NBCC","88.79","89.63","88.42","88.25","89.15","-","0.9","1.02","2946128","26.26","125.85","77.18","-8.83","-16.26"
"HAL","4,985.20","5,092.00","4,980.00","4,998.00","5,048.60","-","50.6","1.01","368672","185.66","5,149.90","3,479.10","9.09","11.85"
"HDFCBANK","728.30","732.80","726.60","725.05","732.40","-","7.35","1.01","13908465","1,015.79","1,020.50","715.10","-4.78","-63.53"
"PGEL","603.00","610.00","601.90","602.05","608.00","-","5.95","0.99","275889","16.72","644.40","436.55","-1.33","12.2"
"NMDC","84.19","85.43","83.49","83.95","84.77","-","0.82","0.98","7460988","63.20","97.49","68.19","0.02","16.89"
"CAMS","752.90","759.50","747.00","749.25","756.55","-","7.3","0.97","440866","33.25","844.90","611.40","-2.35","-80.5"
"FEDERALBNK","356.30","359.15","355.15","355.30","358.65","-","3.35","0.94","1300584","46.46","371.70","188.40","-0.21","77.91"
"AMBER","7,275.00","7,385.00","7,261.00","7,275.00","7,340.00","-","65","0.89","84502","61.98","8,974.00","5,400.50","-4.55","-1.18"
"LICI","421.70","423.00","419.55","419.00","422.50","-","3.5","0.84","3082032","129.82","468.48","360.75","-2.49","-53.41"
"BPCL","308.70","311.50","307.20","308.70","311.30","-","2.6","0.84","959873","29.73","391.65","266.60","-3.33","-3.52"
"DLF","677.20","684.45","675.25","676.15","681.60","-","5.45","0.81","981432","66.80","794.80","489.40","0.37","-12.25"
"HINDPETRO","364.00","366.20","363.00","363.20","365.95","-","2.75","0.76","1394662","50.86","508.45","316.20","-10.75","-7.06"
"NHPC","76.30","77.08","76.11","76.35","76.91","-","0.56","0.73","2232523","17.13","89.22","71.62","-4.93","-7.75"
"COALINDIA","402.55","405.35","401.70","402.50","405.20","-","2.7","0.67","3355294","135.66","491.25","368.65","-6.67","4.63"
"ABCAPITAL","410.00","412.00","407.70","409.00","411.55","-","2.55","0.62","1071162","43.89","430.70","272.70","-0.01","44.29"
"JINDALSTEL","1,120.00","1,135.00","1,118.90","1,118.90","1,125.70","-","8.8","0.79","310232","34.95","1,306.20","943.30","7.1","10.1"
"INOXWIND","74.24","74.70","74.06","73.90","74.35","-","0.45","0.61","1851238","13.77","159.30","72.70","-6.48","-48.75"
"SIEMENS","3,880.00","3,960.00","3,879.90","3,880.00","3,902.90","-","22.9","0.59","73233","28.67","4,097.90","2,826.00","5.79","22.98"
"IEX","123.35","124.41","123.34","123.35","124.06","-","0.71","0.58","659076","8.17","160.27","114.60","-0.87","-13.83"
"360ONE","1,208.00","1,214.00","1,200.00","1,203.00","1,209.80","-","6.8","0.57","201243","24.32","1,236.20","906.05","7.44","9.08"
"INDIANB","876.00","880.90","872.00","871.00","875.60","-","4.6","0.53","194193","17.01","1,000.90","642.60","1.83","29.99"
"IDFCFIRSTB","85.60","86.39","85.59","85.84","86.24","-","0.4","0.47","2875429","24.71","88.76","58.08","5.12","20.48"
"PIIND","2,500.00","2,503.30","2,482.50","2,482.50","2,493.40","-","10.9","0.44","36765","9.16","3,917.80","2,457.00","-7.43","-34.62"
"PNBHOUSING","1,178.50","1,189.00","1,170.20","1,175.50","1,180.60","-","5.1","0.43","234262","27.68","1,207.00","729.60","7.45","45.4"
"BIOCON","412.50","416.00","411.90","412.50","414.20","-","1.7","0.41","355749","14.73","447.15","337.05","-6.31","14.76"
"HINDALCO","1,029.80","1,040.45","1,024.60","1,029.85","1,034.00","-","4.15","0.4","897680","92.90","1,176.00","697.00","8.25","46.94"
"IOC","135.50","136.50","135.27","135.90","136.37","-","0.47","0.35","2107066","28.65","188.96","130.22","-5.16","-3.92"
"GODFRYPHLP","2,113.60","2,120.00","2,099.80","2,103.10","2,110.20","-","7.1","0.34","70221","14.81","3,947.00","1,832.10","-1.36","-80.99"
"ICICIBANK","1,417.00","1,418.00","1,411.20","1,411.90","1,416.50","-","4.6","0.33","1456215","206.08","1,480.00","1,187.60","-3.5","-1.31"
"POLICYBZR","1,782.00","1,792.10","1,757.00","1,779.60","1,785.10","-","5.5","0.31","258934","46.01","1,974.00","1,364.00","13.89","-7.4"
"TECHM","1,592.10","1,601.70","1,588.20","1,592.10","1,597.10","-","5","0.31","272425","43.47","1,854.00","1,304.10","1","4.46"
"PETRONET","289.95","293.20","289.75","291.40","292.30","-","0.9","0.31","409336","11.94","326.40","235.35","5.33","4.02"
"IREDA","115.04","115.75","114.80","114.90","115.25","-","0.35","0.3","928975","10.70","163.35","108.65","-5.16","-22.77"
"VOLTAS","1,223.60","1,233.00","1,220.00","1,219.50","1,223.20","-","3.7","0.3","155585","19.06","1,582.50","1,186.80","-10.28","-10.97"
"TATASTEEL","184.40","184.94","183.17","183.50","183.99","-","0.49","0.27","8192051","150.79","224.40","153.05","-2","13.33"
"BAJAJFINSV","2,009.00","2,030.20","2,005.00","2,016.00","2,021.30","-","5.3","0.26","234540","47.39","2,195.00","1,597.00","6.07","2.94"
"BANKINDIA","142.80","143.28","141.93","142.80","143.15","-","0.35","0.25","1260381","17.98","178.36","109.85","-2.92","22.75"
"ICICIGI","1,627.30","1,630.30","1,613.50","1,625.00","1,629.10","-","4.1","0.25","350467","56.83","2,064.90","1,544.60","0.06","-17.45"
"MAZDOCK","2,570.00","2,596.00","2,542.00","2,570.00","2,576.50","-","6.5","0.25","278722","71.61","3,061.40","2,057.40","9.17","-7.32"
"BHARTIARTL","1,950.00","1,950.00","1,940.50","1,941.70","1,946.30","-","4.6","0.24","630435","122.64","2,174.50","1,740.50","-0.34","0.69"
"HDFCLIFE","542.00","543.40","537.20","542.00","543.30","-","1.3","0.24","672777","36.32","807.00","530.50","-3.39","-31.96"
"GODREJPROP","2,020.00","2,038.00","2,013.20","2,020.00","2,024.80","-","4.8","0.24","88215","17.87","2,352.00","1,434.00","-6.67","-1.07"
"ANGELONE","289.50","292.35","287.75","289.50","290.20","-","0.7","0.24","987827","28.68","360.45","208.63","-10.07","-89.36"
"LODHA","1,254.00","1,262.00","1,240.00","1,240.00","1,242.90","-","2.9","0.23","689715","86.18","1,344.95","650.80","3.42","-4.62"
"JSWENERGY","542.40","545.30","540.20","542.00","543.20","-","1.2","0.22","213623","11.59","617.35","427.75","-4.27","1.93"
"DELHIVERY","450.10","453.00","448.35","450.10","451.05","-","0.95","0.21","674091","30.36","524.00","374.45","-7.15","-4.46"
"TATAPOWER","375.70","377.10","373.05","375.25","376.05","-","0.8","0.21","1222826","45.85","464.90","342.50","-1.63","-3.92"
"SAIL","174.90","177.00","174.25","174.90","175.25","-","0.35","0.2","6373611","112.13","209.70","118.10","6.6","40.95"
"SRF","2,576.40","2,586.50","2,575.00","2,574.50","2,579.30","-","4.8","0.19","28222","7.28","3,210.00","2,355.00","-12.4","-11.96"
"BHEL","416.05","416.65","413.60","413.50","414.30","-","0.8","0.19","947658","39.34","446.50","205.12","0.05","87.38"
"YESBANK","22.74","22.87","22.63","22.74","22.78","-","0.04","0.18","13056722","29.69","25.78","17.20","-1.73","17.46"
"ONGC","238.70","239.22","237.72","238.50","238.94","-","0.44","0.18","1814307","43.28","307.50","227.65","-4.56","0.24"
"SHRIRAMFIN","1,140.00","1,140.00","1,127.30","1,128.20","1,130.00","-","1.8","0.16","1060653","120.05","1,153.70","566.50","6.28","83.06"
"SBIN","1,052.70","1,054.70","1,048.30","1,048.00","1,049.60","-","1.6","0.15","1582092","166.32","1,234.70","798.50","0.34","26.42"
"APLAPOLLO","2,140.90","2,149.60","2,126.30","2,140.00","2,143.30","-","3.3","0.15","44771","9.57","2,301.40","1,578.00","17.61","31.43"
"BAJAJHLDNG","11,360.00","11,410.00","11,308.00","11,368.00","11,384.00","-","16","0.14","8335","9.48","13,880.00","8,588.00","8.83","-16.67"
"OBEROIRLTY","1,904.80","1,918.10","1,883.40","1,904.70","1,907.00","-","2.3","0.12","127526","24.23","1,986.10","1,391.20","1.06","14.96"
"GAIL","172.26","173.24","172.18","172.50","172.71","-","0.21","0.12","1039645","17.96","186.87","134.36","-0.86","-3.16"
"INFY","1,133.00","1,133.20","1,118.10","1,130.00","1,131.20","-","1.2","0.11","1730609","194.90","1,728.00","982.40","5.26","-24.48"
"JIOFIN","244.30","245.65","243.85","244.60","244.85","-","0.25","0.1","2299598","56.30","331.00","223.30","1.9","-25.53"
"WIPRO","180.60","181.76","180.10","181.00","181.16","-","0.16","0.09","1649171","29.83","273.10","169.00","3.45","-27.84"
"CANBK","129.60","129.95","129.05","129.60","129.70","-","0.1","0.08","2067744","26.78","162.89","103.55","1.63","15.43"
"RVNL","227.90","231.38","227.89","227.90","228.08","-","0.18","0.08","1229747","28.22","400.70","220.16","1.17","-31.11"
"TATAELXSI","3,665.10","3,673.80","3,636.60","3,660.00","3,662.60","-","2.6","0.07","40983","14.98","5,950.00","3,353.90","5.73","-36.3"
"AUROPHARMA","1,609.10","1,624.00","1,606.00","1,608.00","1,609.00","-","1","0.06","241671","38.97","1,682.40","1,016.10","1.79","53.67"
"IRFC","86.48","86.98","86.30","86.47","86.52","-","0.05","0.06","2131013","18.45","137.17","85.00","-2.08","-31.77"
"HYUNDAI","2,222.00","2,251.70","2,217.20","2,227.00","2,228.40","-","1.4","0.06","312539","69.98","2,890.00","1,658.00","13.7","-10.49"
"NESTLEIND","1,465.00","1,468.60","1,449.00","1,458.00","1,458.70","-","0.7","0.05","425309","61.94","1,553.00","1,145.00","0.42","22.49"
"TMPV","321.50","322.40","319.75","320.25","320.40","-","0.15","0.05","2430370","78.00","739.70","294.30","-4.06","0"
"SUZLON","47.10","47.34","46.91","47.00","47.02","-","0.02","0.04","11303469","53.19","61.50","38.19","-11.6","-21.47"
"BLUESTARCO","1,525.20","1,525.20","1,506.60","1,510.00","1,510.60","-","0.6","0.04","60621","9.18","2,040.00","1,450.00","-11.32","-21.66"
"AXISBANK","1,250.60","1,256.40","1,245.10","1,251.00","1,251.00","-","0","0","1304906","163.17","1,418.30","1,042.50","-0.57","15.81"
"MFSL","1,572.50","1,575.40","1,561.30","1,575.00","1,574.50","-","-0.5","-0.03","83626","13.13","1,892.50","1,433.60","2.31","-4.17"
"KALYANKJIL","596.00","598.00","591.50","596.00","595.80","-","-0.2","-0.03","1569462","93.39","648.95","327.05","3.29","16.73"
"BANKBARODA","244.00","245.55","243.50","244.50","244.38","-","-0.12","-0.05","2369380","57.85","325.50","230.81","-1.29","-0.16"
"BAJFINANCE","1,105.40","1,105.50","1,092.20","1,095.00","1,094.40","-","-0.6","-0.05","1250720","137.26","1,176.40","787.90","2.41","23.34"
"ZYDUSLIFE","1,109.60","1,113.30","1,103.20","1,107.70","1,106.90","-","-0.8","-0.07","100095","11.08","1,205.00","835.50","-3.1","12.65"
"TCS","2,290.10","2,300.00","2,263.30","2,298.00","2,296.50","-","-1.5","-0.07","753579","171.87","3,350.00","1,976.80","3.46","-25.84"
"PAGEIND","35,600.00","35,665.00","35,210.00","35,505.00","35,480.00","-","-25","-0.07","6856","24.30","47,310.00","29,805.00","-11.45","-21.77"
"M&M","3,431.20","3,453.90","3,413.10","3,424.80","3,422.50","-","-2.3","-0.07","318380","109.18","3,839.90","2,896.00","6.97","0.86"
"LUPIN","2,203.30","2,217.00","2,195.00","2,201.50","2,199.90","-","-1.6","-0.07","170938","37.69","2,529.50","1,875.00","-12.46","13.46"
"NYKAA","331.00","331.80","328.00","330.35","330.10","-","-0.25","-0.08","479464","15.81","348.00","223.30","0.73","46.7"
"ASIANPAINT","2,620.20","2,636.10","2,615.50","2,625.20","2,622.80","-","-2.4","-0.09","102373","26.86","2,985.70","2,115.00","-2.5","2.14"
"PFC","363.80","364.95","361.60","363.80","363.45","-","-0.35","-0.1","2328153","84.59","486.50","329.90","-12.31","-9.82"
"ULTRACEMCO","11,549.00","11,620.00","11,533.00","11,575.00","11,564.00","-","-11","-0.1","19070","22.04","13,110.00","10,325.00","-4.29","-10.09"
"RELIANCE","1,314.00","1,314.50","1,308.00","1,313.20","1,311.70","-","-1.5","-0.11","1261863","165.33","1,611.80","1,249.80","0.73","-7.06"
"DIXON","14,864.00","14,924.00","14,670.00","14,850.00","14,831.00","-","-19","-0.13","263944","390.44","18,471.00","9,600.00","5.18","-12.01"
"KAYNES","3,822.00","3,843.70","3,798.00","3,815.00","3,809.70","-","-5.3","-0.14","174446","66.58","7,705.00","2,995.00","16.59","-38.47"
"DABUR","400.05","400.75","398.80","400.00","399.45","-","-0.55","-0.14","210461","8.41","577.00","398.00","-6.13","-25.23"
"ADANIPOWER","203.99","204.35","202.83","204.00","203.64","-","-0.36","-0.18","4114857","83.75","254.20","116.70","-7.43","-66"
"DRREDDY","1,179.00","1,185.10","1,174.00","1,180.00","1,177.90","-","-2.1","-0.18","381393","45.00","1,414.90","1,101.00","-2.16","-5.25"
"GRASIM","3,280.00","3,301.00","3,258.00","3,300.00","3,293.70","-","-6.3","-0.19","304089","99.77","3,411.10","2,502.50","3.78","15.19"
"HCLTECH","1,319.90","1,321.70","1,305.20","1,318.40","1,315.90","-","-2.5","-0.19","257122","33.75","1,780.10","1,030.00","6.37","-11.87"
"DIVISLAB","8,600.00","8,610.00","8,522.50","8,570.00","8,552.50","-","-17.5","-0.2","51117","43.72","8,674.00","5,636.50","16.92","42.71"
"SBILIFE","1,780.00","1,782.00","1,766.20","1,782.00","1,778.30","-","-3.7","-0.21","138087","24.52","2,132.00","1,700.40","-2.51","-4.12"
"COCHINSHIP","1,485.00","1,496.60","1,480.20","1,489.00","1,485.90","-","-3.1","-0.21","143746","21.40","1,979.90","1,187.00","5.96","-13.12"
"UNIONBANK","185.30","185.30","183.74","184.68","184.25","-","-0.43","-0.23","1227513","22.63","205.49","124.64","4.87","34.89"
"ADANIENSOL","1,556.90","1,559.50","1,545.00","1,548.50","1,545.00","-","-3.5","-0.23","717147","111.42","1,789.00","744.90","-11.09","87.88"
"DALBHARAT","1,897.00","1,912.50","1,889.00","1,897.00","1,891.80","-","-5.2","-0.27","61155","11.60","2,496.30","1,605.00","1.76","-19.08"
"UNOMINDA","1,261.00","1,267.00","1,253.00","1,260.50","1,257.00","-","-3.5","-0.28","70271","8.84","1,382.00","994.00","9.86","2.08"
"ASHOKLEY","173.16","173.69","172.30","173.80","173.29","-","-0.51","-0.29","1777780","30.75","215.42","125.85","12.9","30.58"
"ADANIPORTS","1,697.20","1,702.00","1,685.10","1,696.00","1,691.10","-","-4.9","-0.29","275974","46.72","1,891.10","1,292.00","-8.15","23.74"
"LT","4,081.00","4,089.00","4,061.40","4,081.00","4,069.30","-","-11.7","-0.29","150282","61.18","4,440.00","3,288.10","6.09","13.6"
"IDEA","14.03","14.09","13.92","14.03","13.99","-","-0.04","-0.29","92232739","129.03","15.34","6.46","4","106.63"
"HDFCAMC","2,615.00","2,622.90","2,596.00","2,624.00","2,616.20","-","-7.8","-0.3","193033","50.35","2,967.25","2,205.60","1.66","-54.04"
"RECLTD","328.50","330.45","326.75","328.10","327.10","-","-1","-0.3","1177930","38.62","390.50","304.05","-9.38","-13.85"
"PHOENIXLTD","1,925.20","1,943.80","1,914.10","1,925.00","1,918.80","-","-6.2","-0.32","63339","12.20","2,169.80","1,465.60","-7.95","23.12"
"MANKIND","2,385.00","2,407.20","2,376.30","2,385.00","2,377.30","-","-7.7","-0.32","33766","8.06","2,674.00","1,909.70","-7.54","-4.85"
"ADANIENT","2,995.00","3,007.50","2,981.00","2,994.90","2,985.00","-","-9.9","-0.33","316539","94.72","3,245.00","1,753.00","-5.9","25.46"
"EICHERMOT","8,095.00","8,112.50","7,993.50","8,042.00","8,010.00","-","-32","-0.4","83031","66.74","8,230.00","5,880.00","4.58","35.44"
"ABB","7,474.00","7,545.00","7,440.00","7,479.00","7,447.00","-","-32","-0.43","29567","22.07","7,924.50","4,637.50","-0.7","46.03"
"INDUSINDBK","1,007.80","1,007.80","997.00","1,008.00","1,003.70","-","-4.3","-0.43","441227","44.17","1,077.85","710.60","-5.21","29.53"
"OIL","480.90","482.00","478.15","480.90","478.80","-","-2.1","-0.44","242639","11.64","531.00","384.60","8.03","17.87"
"SHREECEM","24,295.00","24,355.00","24,105.00","24,300.00","24,190.00","-","-110","-0.45","5664","13.74","31,225.00","22,550.00","-10.81","-20.82"
"ASTRAL","1,532.00","1,538.20","1,521.00","1,532.00","1,525.00","-","-7","-0.46","103445","15.83","1,768.70","1,311.60","8.26","9.92"
"ETERNAL","330.00","331.70","325.65","327.95","326.45","-","-1.5","-0.46","12486424","410.07","368.45","212.60","14.43","0.43"
"TIINDIA","2,949.00","2,949.00","2,915.00","2,930.00","2,915.70","-","-14.3","-0.49","32813","9.60","3,419.90","2,164.90","0.71","-7.86"
"CGPOWER","876.30","878.35","870.05","876.30","872.00","-","-4.3","-0.49","290829","25.39","980.90","525.50","-4.21","29.97"
"PIDILITIND","1,648.50","1,664.40","1,645.00","1,660.00","1,651.70","-","-8.3","-0.5","205544","33.96","1,707.50","1,259.00","4.32","-46.18"
"SUNPHARMA","1,916.00","1,917.40","1,893.60","1,904.00","1,894.50","-","-9.5","-0.5","312219","59.41","2,046.90","1,548.00","-2.95","16.59"
"ITC","271.60","271.60","269.90","271.65","270.25","-","-1.4","-0.52","2609823","70.56","427.00","265.00","-3.33","-33.1"
"AMBUJACEM","410.00","412.85","407.90","411.00","408.80","-","-2.2","-0.54","972289","39.84","600.80","394.00","-6.77","-30.56"
"HINDUNILVR","2,028.00","2,034.70","2,013.00","2,028.00","2,016.50","-","-11.5","-0.57","215223","43.49","2,750.00","2,008.30","-5.34","-24.04"
"FORCEMOT","17,885.00","18,011.00","17,761.00","17,885.00","17,783.00","-","-102","-0.57","14771","26.39","26,450.00","14,911.00","1.18","-13.25"
"NAUKRI","1,367.80","1,367.80","1,345.20","1,360.90","1,352.80","-","-8.1","-0.6","150133","20.30","1,437.80","908.30","12.69","-2.48"
"OFSS","11,850.00","11,870.00","11,720.00","11,826.00","11,753.00","-","-73","-0.62","32816","38.63","11,979.00","6,234.50","1.67","34.95"
"SWIGGY","280.75","281.25","277.00","279.00","277.20","-","-1.8","-0.65","3200217","89.35","474.00","235.75","3.25","-33.74"
"MOTHERSON","170.41","170.41","167.66","169.58","168.44","-","-1.14","-0.67","2498064","42.13","173.27","91.10","16.77","73.09"
"TATACONSUM","1,060.00","1,062.00","1,048.00","1,056.30","1,049.20","-","-7.1","-0.67","314314","33.08","1,282.70","1,007.20","-2.33","-4.43"
"UPL","571.00","573.70","567.10","571.90","568.00","-","-3.9","-0.68","205903","11.71","812.20","557.95","-7.48","-19.84"
"CONCOR","523.00","523.00","514.60","519.00","515.40","-","-3.6","-0.69","233225","12.03","569.80","421.45","5.56","-6.91"
"PERSISTENT","5,685.00","5,707.00","5,602.00","5,674.00","5,635.00","-","-39","-0.69","119674","67.46","6,599.00","4,244.50","8.72","6.16"
"TRENT","2,970.00","2,976.60","2,947.00","2,970.00","2,948.70","-","-21.3","-0.72","110298","32.58","3,782.67","2,183.67","2.6","-45.53"
"APOLLOHOSP","8,727.00","8,746.00","8,646.50","8,735.00","8,672.50","-","-62.5","-0.72","54115","47.00","9,050.00","6,696.50","-2.15","10.81"
"MARUTI","13,809.00","13,809.00","13,685.00","13,809.00","13,708.00","-","-101","-0.73","35544","48.84","17,370.00","12,201.00","1.56","-2.9"
"SUPREMEIND","3,658.70","3,674.80","3,606.00","3,650.00","3,623.40","-","-26.6","-0.73","25832","9.37","4,664.90","3,140.00","7.38","-19.63"
"JSWSTEEL","1,298.00","1,298.80","1,287.20","1,299.70","1,290.10","-","-9.6","-0.74","585209","75.59","1,335.00","1,022.30","2.55","20.05"
"GMRAIRPORT","101.30","101.40","99.57","100.41","99.66","-","-0.75","-0.75","4072156","40.84","115.64","84.11","-9.93","10.33"
"LAURUSLABS","1,825.00","1,836.40","1,806.50","1,825.00","1,811.40","-","-13.6","-0.75","524219","95.32","1,870.80","823.10","14.55","108.32"
"RBLBANK","392.30","392.75","387.70","392.30","389.20","-","-3.1","-0.79","714250","27.83","393.90","243.25","6.84","52.88"
"CIPLA","1,433.40","1,443.60","1,426.60","1,438.00","1,426.70","-","-11.3","-0.79","95833","13.71","1,673.00","1,165.70","0.38","-6.99"
"GLENMARK","2,334.60","2,348.60","2,304.10","2,332.90","2,314.00","-","-18.9","-0.81","105352","24.45","2,474.00","1,792.60","4.05","21.25"
"MAXHEALTH","1,000.00","1,003.60","986.50","997.90","989.60","-","-8.3","-0.83","366802","36.40","1,256.00","903.00","-9.31","-18.58"
"TVSMOTOR","4,389.50","4,390.00","4,337.60","4,390.00","4,352.60","-","-37.4","-0.85","583172","254.57","4,475.00","3,221.20","15.77","35.92"
"HAVELLS","1,275.00","1,279.50","1,259.10","1,278.00","1,267.00","-","-11","-0.86","144538","18.32","1,621.10","1,123.60","4.96","-18.49"
"UNITDSPR","1,550.00","1,550.00","1,527.00","1,544.00","1,530.00","-","-14","-0.91","119381","18.32","1,550.00","1,210.80","11.02","15.58"
"BOSCHLTD","48,635.00","48,635.00","48,125.00","48,750.00","48,305.00","-","-445","-0.91","6767","32.66","49,130.00","28,610.00","19.28","22.07"
"ALKEM","5,400.00","5,454.00","5,340.00","5,400.00","5,350.00","-","-50","-0.93","14497","7.78","5,933.50","5,075.00","-4.95","0.13"
"TITAN","5,068.00","5,090.40","5,011.00","5,068.00","5,021.00","-","-47","-0.93","129745","65.40","5,168.00","3,303.10","8.09","40.97"
"FORTIS","915.15","919.70","904.45","916.80","908.20","-","-8.6","-0.94","375495","34.12","1,104.30","766.80","-5.39","-4.89"
"INDHOTEL","735.00","735.50","726.90","735.85","728.65","-","-7.2","-0.98","219890","16.06","811.95","565.00","0.58","-8.79"
"PATANJALI","352.30","352.45","348.05","352.30","348.85","-","-1.15","-0.33","565173","19.74","615.00","328.20","3.54","-80.58"
"POLYCAB","9,145.00","9,175.00","9,020.00","9,125.00","9,034.50","-","-90.5","-0.99","88858","80.48","10,126.00","6,663.00","2.49","27.48"
"KPITTECH","592.90","592.90","586.05","592.90","586.85","-","-6.05","-1.02","291205","17.15","1,328.00","543.00","5.04","-51.19"
"INDIGO","5,155.00","5,172.50","5,087.00","5,165.00","5,111.50","-","-53.5","-1.04","475121","242.76","6,173.50","3,895.20","-2.64","-16.09"
"BAJAJ-AUTO","11,790.00","11,790.00","11,660.00","11,793.00","11,666.00","-","-127","-1.08","69334","81.17","11,863.00","8,491.50","13.36","33.59"
"JUBLFOOD","512.15","512.15","501.40","507.30","501.70","-","-5.6","-1.1","271687","13.76","667.75","408.55","19.22","-20.01"
"HEROMOTOCO","5,724.50","5,734.50","5,670.00","5,740.50","5,676.00","-","-64.5","-1.12","78414","44.68","6,388.50","4,671.50","14.03","11.77"
"VBL","438.30","441.60","432.50","438.30","433.30","-","-5","-1.14","909384","39.65","555.80","381.00","-5.43","-15.33"
"MARICO","862.15","862.15","846.55","858.35","848.40","-","-9.95","-1.16","169608","14.43","889.10","690.30","0.56","14.17"
"CHOLAFIN","1,888.90","1,890.10","1,858.10","1,888.90","1,866.80","-","-22.1","-1.17","289246","54.02","1,952.50","1,299.40","7.4","24.03"
"COFORGE","1,890.00","1,890.90","1,851.00","1,882.00","1,859.70","-","-22.3","-1.18","522580","97.34","1,989.70","1,008.10","25.97","10.16"
"MPHASIS","2,432.00","2,435.00","2,386.40","2,430.00","2,400.50","-","-29.5","-1.21","69892","16.78","3,037.20","2,013.00","2.1","-14.3"
"KEI","5,700.00","5,744.00","5,602.10","5,675.00","5,604.70","-","-70.3","-1.24","46893","26.49","5,899.00","3,728.70","14.08","42.36"
"GODREJCP","944.40","945.80","932.70","947.00","935.10","-","-11.9","-1.26","385802","36.18","1,309.00","906.30","-10.17","-24.05"
"BSE","3,252.00","3,285.00","3,233.00","3,291.10","3,248.90","-","-42.2","-1.28","2602631","845.69","4,446.80","2,021.50","-10.18","30.44"
"SBICARD","638.00","648.95","636.40","647.05","638.40","-","-8.65","-1.34","764026","49.02","965.00","565.45","0.31","-20.91"
"TORNTPHARM","5,005.50","5,031.00","4,937.00","5,005.00","4,938.00","-","-67","-1.34","48771","24.24","5,250.00","3,480.60","-0.71","36.61"
"DMART","3,979.80","3,990.00","3,880.00","3,960.00","3,904.80","-","-55.2","-1.39","141171","55.26","4,949.50","3,529.00","-0.39","-16.42"
"PNB","117.45","117.52","115.41","118.00","116.25","-","-1.75","-1.48","6765368","78.57","135.15","98.50","5.28","10.17"
"COLPAL","1,907.90","1,907.90","1,880.10","1,910.00","1,881.50","-","-28.5","-1.49","92282","17.45","2,504.00","1,782.00","-8.74","-18.95"
"BHARATFORG","2,054.00","2,058.00","2,026.10","2,062.00","2,029.90","-","-32.1","-1.56","225829","45.95","2,295.00","1,100.50","-6.35","77.93"
"RADICO","4,705.00","4,724.00","4,618.00","4,696.00","4,620.00","-","-76","-1.62","56092","26.09","4,747.00","2,500.00","14.86","65.73"
"SONACOMS","820.05","821.85","802.20","821.90","807.35","-","-14.55","-1.77","851876","68.89","844.00","402.30","12.17","82.5"
"CUMMINSIND","5,116.00","5,218.00","5,100.50","5,205.00","5,104.50","-","-100.5","-1.93","189418","97.40","6,100.00","3,729.50","-6.77","36.31"
"LTM","4,500.00","4,500.00","4,414.80","4,553.00","4,450.40","-","-102.6","-2.25","284480","126.62","6,429.50","3,528.00","12.5","0"
"LICHSGFIN","500.00","500.80","491.00","508.05","493.75","-","-4.3","-0.86","1409963","69.63","598.20","458.90","-7.39","-12.42"
"BRITANNIA","5,527.50","5,533.00","5,360.00","5,548.00","5,368.00","-","-180","-3.24","180820","97.52","6,336.00","5,035.00","1.2","-2.68"
